<?xml version="1.0" encoding="UTF-8"?>
<!DOCTYPE suite SYSTEM "https://testng.org/testng-1.0.dtd">
<suite name="Suite">



	<listeners>
		
		<listener class-name="com.employeeapi.utility.ExtentReport"></listener>
		
	</listeners>




  <test thread-count="5" name="Test">
    <classes>
     
      <class name="com.employeeapi.testCases.TC001_GET_AllEmployees"/>
        <class name="com.employeeapi.testCases.TC002_GET_Single_Employee"/>
       <class name="com.employeeapi.testCases.TC003_POST_Create_Employee"/>
      <class name="com.employeeapi.testCases.TC004_PUT_Update_Employee"/>
      <class name="com.employeeapi.testCases.TC005_DELETE_Employee"/>
    
    </classes>
  </test> <!-- Test -->
</suite> <!-- Suite -->
